"case","base_sha","base_fp","fast_sha","fast_fp"
"fix_bounds_fork","8dfffbc4906ac7eb543bb596e7d5a96deb1865ee21497efa973ee72a00b34196","248d4ee62002d6c9","605a3ab404a741dac5c7a1d8c0eb0f89e6affecf171a236a485d679cbd61d65c","696cdf142a1afda6"
"polygon_mix","744ac7fa3204f1e7a620b329dc5a730931e133f90e79bac48097ff4e83a29a64","4336f510909ae0ad","744ac7fa3204f1e7a620b329dc5a730931e133f90e79bac48097ff4e83a29a64","4336f510909ae0ad"
"threads16_seagull","ee32168fc958e78b59b8a524738a078610f43f333e5d1c27f70c8e0ca0b22cbf","743c1aebd817b704","ee32168fc958e78b59b8a524738a078610f43f333e5d1c27f70c8e0ca0b22cbf","743c1aebd817b704"
"line_hatch","dc5bb4f3a7eddccd7db997b0057436ed5eeaa9c6bcde3b149aa22d18dc660992","f4ae0168dcd5dcfe","dc5bb4f3a7eddccd7db997b0057436ed5eeaa9c6bcde3b149aa22d18dc660992","f4ae0168dcd5dcfe"
"fix_bounds_explicit_fork","e0547cd63fc6583d0bbe8f67d5efdea74cbb10964f194bb50256991d97bcb67e","199f0364cb188c78","ca530be5b7948b3181e4b889229910e48af370b9eb6274cca2f539b7e46ec5bb","8aad3c5fa150a43e"
"segment_color_threads1","eb65d8bd37841a9b5d8d9c8a8c21b4a6e725fbc01df61d069999c5629c7d25b3","8593d2a7eddb9dba","688da2be628517d237891f5647100fd54de48eebd627f578f390afa42f929756","0dbb5e49b0ead447"
"tiny64_edge","4c3aee4c726a789655c5e3735a1082bd9da15b753a0490ee34881d2b374d784b","2629779cd1dcedd4","4c3aee4c726a789655c5e3735a1082bd9da15b753a0490ee34881d2b374d784b","2629779cd1dcedd4"
"error_guide_fork","8aff8b40cd6a1fafd0aebdb415353eea0682cfd44c47ff4d072dd3db992d12b6","3317537ef9bd3dca","84b2d51b8986053c99da73ecc721dfb1ae1a4ee619c464818926b756519c8e14","afe867d60db3b069"
"priority_region_fork","0fa374fde5d1f982a2cb8a648747fb95e9de3095754e24d1477821088cbebf1a","7cb2422b493b62f8","67356cc92e17a6472919e7500ac1f7b8a26c1b8357351fa0fd4d9a6ad1514044","7e4d9860135bb938"
"ellipse_bounds_fork","05d2c518acea09af9e798936ab78baf61868560bff4f38f18358bdf939d6e7c8","47711e223ab75865","3dd4e2daf38214b7e381282866438789bf014d29e552ea9602c0d893d37cf5aa","0773df324fb03f49"
"adaptive_step_fork","8aff8b40cd6a1fafd0aebdb415353eea0682cfd44c47ff4d072dd3db992d12b6","3317537ef9bd3dca","aaa890096648c7c5a33ac79fa7a03c89cbbae416274772762458ab7093f2bae3","5233a2afc003f206"
"adaptive_step_threads1","eb65d8bd37841a9b5d8d9c8a8c21b4a6e725fbc01df61d069999c5629c7d25b3","8593d2a7eddb9dba","769471046d729c30ba67f41405ea7211ea0a842c9d04ab0faaf97c2ce7dfa251","8f4fd5c5147fb565"
"error_guide_threads1","eb65d8bd37841a9b5d8d9c8a8c21b4a6e725fbc01df61d069999c5629c7d25b3","8593d2a7eddb9dba","805b7ae46f177152a039ffa2fc7d53c3eadd2787f8176d3349819d9f0e4aa097","a2d25ea099653768"
"all_types_gradnoise","56b21b21985a44ec3df329376df7f37e4ba85b7501c0c7ac6421084f177362c7","d80af0b284175952","56b21b21985a44ec3df329376df7f37e4ba85b7501c0c7ac6421084f177362c7","d80af0b284175952"
"alpha_search_fork","216c8b3ccd5ed3252f5409bfa470907e6997c8d9664958f523f9127d680c3bb1","6b4dfb2e1558d844","e1cfd05ccb739423bfe595ffb399fc7140d552c32ba1b1d8b9dfb24439912242","54180a6f8045d41d"
"threads1_seagull","32f2c091c7d706fe78afebd740ad14126d5f0923c47c41cae19b7b1367ef747a","9d109409b234d79c","32f2c091c7d706fe78afebd740ad14126d5f0923c47c41cae19b7b1367ef747a","9d109409b234d79c"
"flat_reject","777b662582579c706f1150ccbd62dd3269386552c69abbbb169662fbde1b8459","b7bab95830a2e2e5","777b662582579c706f1150ccbd62dd3269386552c69abbbb169662fbde1b8459","b7bab95830a2e2e5"
"circle_rings","7ece683987c8ac21f081a71205f5af3871e859589e813b4d625e2505c78d573c","d8edab0ebc1bb6e9","7ece683987c8ac21f081a71205f5af3871e859589e813b4d625e2505c78d573c","d8edab0ebc1bb6e9"
"enhanced_combo_fork","0fa374fde5d1f982a2cb8a648747fb95e9de3095754e24d1477821088cbebf1a","7cb2422b493b62f8","9816e289394ded0d4284fa03ec8f6bfcd029baba5da7327b397c1b679a382bd7","12d6ee2a7ce46819"
"bezier_polyline_cover","7d104f7fc7d5bfa629cfc1126e9202134c7791793bb6f3663f96d9eb713f826d","c27d5f97c5f17151","7d104f7fc7d5bfa629cfc1126e9202134c7791793bb6f3663f96d9eb713f826d","c27d5f97c5f17151"
"error_guide_combo","0fa374fde5d1f982a2cb8a648747fb95e9de3095754e24d1477821088cbebf1a","7cb2422b493b62f8","c90ffb4589200dc014fda7a206f7f696134173484ac49f0d51f469c7e5b15ef3","4b625fc1ff20dfc1"
"e2e_ellipse_seagull","817402c4a808bbfefbd5c26530eb0c786df871fdbe4e07d4b948c3eb43656b4d","bef1f6dbe4611186","817402c4a808bbfefbd5c26530eb0c786df871fdbe4e07d4b948c3eb43656b4d","bef1f6dbe4611186"
"priority_region_threads1","eb65d8bd37841a9b5d8d9c8a8c21b4a6e725fbc01df61d069999c5629c7d25b3","8593d2a7eddb9dba","b8a7419d1701d3c7d53e632320021bb874d77b8aecdc65a69be3e240193bd774","2dcfdd0cbab3dd3d"
"wide_bandwidth","4bd5ac4e8f4caa148e651ad33c7487ce6a420a9ac239eb2d590c0722caaabae6","c8696f7ed527c7b6","4bd5ac4e8f4caa148e651ad33c7487ce6a420a9ac239eb2d590c0722caaabae6","c8696f7ed527c7b6"
"segment_color_fork","8aff8b40cd6a1fafd0aebdb415353eea0682cfd44c47ff4d072dd3db992d12b6","3317537ef9bd3dca","3ea44c5ed5ada0b46e3416bf84eb207a7354c98272ef8f091bf7e0dca1178fab","2eb08bf81fc6583c"
"segment_color_lines_bypass","14dd89389f6cf363331cbc68e7d29cbeb2d0a7eae2ae2a8b5d567db8b0c8af4e","e0ce049105d36e04","5f1c997296191877bdfdb610ad805778820caf170af618b937885a1edc680284","338d9bc42bd460e2"
