case,artifact,kind,bytes,sha256,pixel_sha256,width,height
01_bitmap_tiny,01_bitmap_tiny.bitmap.png,png-strict,2723,af0a2805d936b8fb76fd25524c6ee728e26e91a5c8d575a72a8bcfe35aa49ad6,f24d16431118bcc2b286a87ed3b0845700e13953714d6896ddc1b1b393856cc4,64,64
01_bitmap_tiny,01_bitmap_tiny.json,bytes-json,7951,ccc49b49cc19b30098b821097617b1ea6d52a862fa6a0ac0cf1054aee1c8ac4c,,,
02_alpha_wide,02_alpha_wide.bitmap.png,png-strict,7816,582a722be0508ba068121e487db8ea3cdad3210eb0064509aa11112c716e28be,8bd3da5e673c71f8399545ba6c27c8560b0d16f54bfa9a1ee9c85581d66f99f0,32,1024
02_alpha_wide,02_alpha_wide.json,bytes-json,9708,d96502d79463095eebff709b06b1988cea4143fc753559078415b35ff934d794,,,
03_svg_raster,03_svg_raster.raster.png,png-tolerant,9781,db2c6a76f3f24ee77fb646f0c8a4b70e30efe3ee5b89e18babe377f4688f7f48,f2d1238d57038e414e622a61052c6cecf93076fcbed9010e5989a74ef1db6611,128,128
04_gif,04_gif.gif,bytes-gif,96412,05d14bdc2bd29a3ab078c580402159833141d74d8c9bdce533547fd4d6ef25ab,,,
05_threads_bounds,05_threads_bounds.bitmap.png,png-strict,2279,ccf1334410e695f13288f9326bb8b3bb7b1e2fac3f68967abbd85ffb3e222630,fe56c3a7b7453e4755c6cef9fc5832298d24ddb2492b5f89a66846262afd199d,512,512
05_threads_bounds,05_threads_bounds.json,bytes-json,994,45a11bcde3a774abfc5cee97f24972311aa142bfababbb54a5d8831639614a27,,,
06_image_scaling,06_image_scaling.qtinput.png,png-qtinput,128890,e82bddbc0d536fef4af690e8f283d99422a9e50e6e6d8f39a9f628f6caddf5c5,aa79c6c3c440a7c58c403bd2f9c4057fb54b6f12ab346be396c2093823729617,256,256
