"case","img","steps","threads","types","fastExtra","verdict","sha_match","fingerprint_match","self_consistent","expect_diff","base_ms","fast_ms","speedup","note"
"e2e_ellipse_seagull","tree_under_clouds.png","100","8","ellipse","","PASS","True","True","True","False","12750","4360","2.924","基线全管线"
"circle_rings","rings_512.png","60","8","circle","","PASS","True","True","True","False","7935","1912","4.15","压 Circle 光栅化"
"polygon_mix","triangles_512.png","80","8","rellipse,tri,rrect","","PASS","True","True","True","False","4457","1596","2.793","压 polygon 扁平化"
"line_hatch","hatch_512.png","60","8","line","","PASS","True","True","True","False","434","316","1.373","细扫描线 copy/draw"
"threads1_seagull","tree_under_clouds.png","50","1","ellipse","","PASS","True","True","True","False","5631","1359","4.143","单线程对拍"
"threads16_seagull","tree_under_clouds.png","80","16","ellipse","","PASS","True","True","True","False","34300","8809","3.894","过订阅线程对拍"
"tiny64_edge","tiny_64.png","40","4","ellipse,line","","PASS","True","True","True","False","244","87","2.805","小图边界退化"
"flat_reject","flat_512.png","40","8","rect","","PASS","True","True","True","False","270","102","2.647","高拒绝率回滚路径"
"all_types_gradnoise","gradnoise_512.png","60","8","all","","PASS","True","True","True","False","17840","9827","1.815","九种形状全覆盖"
"bezier_polyline_cover","gradnoise_512.png","40","8","bezier,polyline","","PASS","True","True","True","False","4268","4365","0.978","bezier+polyline 类型补覆盖"
"ellipse_bounds_fork","tiny_64.png","30","4","ellipse","","PASS","False","False","True","True","136","59","2.305","EXPECTED_DIFF:Ellipse y1>=xMin 笔误修复的分叉锁定,分叉消失即红"
"wide_bandwidth","gradnoise_2048.png","20","8","ellipse","","PASS","True","True","True","False","520277","150541","3.456","大图带宽(慢)"
"adaptive_step_fork","gradnoise_512.png","40","8","ellipse,rect","--adaptive-step","PASS","False","False","True","True","14854","15112","0.983","EXPECTED_DIFF:A2.2 自适应步长分叉锁定,增强开关失效(输出变同)即红"
"adaptive_step_threads1","tree_under_clouds.png","30","1","ellipse","--adaptive-step","PASS","False","False","True","True","4320","7311","0.591","EXPECTED_DIFF:单线程下自适应步长分叉锁定"
"alpha_search_fork","gradnoise_512.png","40","8","ellipse,tri","--alpha-search","PASS","False","False","True","True","15107","13624","1.109","EXPECTED_DIFF:A2.3 alpha 档位搜索分叉锁定"
"enhanced_combo_fork","gradnoise_512.png","40","8","ellipse","--adaptive-step --alpha-search","PASS","False","False","True","True","17545","18161","0.966","EXPECTED_DIFF:增强组合分叉锁定"
